{"cameraMode":{"drawMode":0,"name":"Shaded","section":"Shading Mode"},"sceneLighting":false,"audioPlay":false,"sceneViewState":{"m_AlwaysRefresh":false,"showFog":true,"showSkybox":true,"showFlares":true,"showImageEffects":true,"showParticleSystems":true,"showVisualEffectGraphs":true,"m_FxEnabled":true},"in2DMode":false,"pivot":{"x":0.06348017603158951,"y":-1.1507325172424317,"z":-0.23641586303710938},"rotation":{"x":-0.12448565661907196,"y":-0.000895717937964946,"z":0.000112482528493274,"w":-0.9922184348106384},"size":5.178552150726318,"orthographic":false}