{"cameraMode":{"drawMode":0,"name":"Shaded","section":"Shading Mode"},"sceneLighting":false,"audioPlay":false,"sceneViewState":{"m_AlwaysRefresh":false,"showFog":true,"showSkybox":false,"showFlares":true,"showImageEffects":true,"showParticleSystems":true,"showVisualEffectGraphs":true,"m_FxEnabled":true},"in2DMode":false,"pivot":{"x":-39.30121994018555,"y":-351.64617919921877,"z":20.89173126220703},"rotation":{"x":-0.12448565661907196,"y":-0.000895717937964946,"z":0.000112482528493274,"w":-0.9922184348106384},"size":0.053142499178647998,"orthographic":false}