{"cameraMode":{"drawMode":0,"name":"Shaded","section":"Shading Mode"},"sceneLighting":false,"audioPlay":false,"sceneViewState":{"m_AlwaysRefresh":false,"showFog":true,"showSkybox":false,"showFlares":true,"showImageEffects":true,"showParticleSystems":true,"showVisualEffectGraphs":true,"m_FxEnabled":true},"in2DMode":false,"pivot":{"x":-0.7138661742210388,"y":0.02386382222175598,"z":-0.44631925225257876},"rotation":{"x":-0.09614914655685425,"y":0.015524337068200112,"z":-0.001499681267887354,"w":-0.9952437877655029},"size":0.11536574363708496,"orthographic":false}